{
  "timestamp": "20250806_164131",
  "current_base_revenue": {
    "Monday": 65326,
    "Tuesday": 58826,
    "Wednesday": 62597,
    "Thursday": 70064,
    "Friday": 77143,
    "Saturday": 113978,
    "Sunday": 103029
  },
  "calibrated_base_revenue": {
    "Monday": 58379,
    "Tuesday": 56272,
    "Wednesday": 58008,
    "Thursday": 67026,
    "Friday": 69699,
    "Saturday": 98873,
    "Sunday": 90551
  },
  "analysis_results": {
    "day_of_week": {
      "Sunday": {
        "count": 445,
        "mean": 72067.07680898876,
        "median": 68656.12,
        "std_dev": 40456.94807231197,
        "min": 1203.8,
        "max": 207732.17
      },
      "Monday": {
        "count": 449,
        "mean": 49720.89293986637,
        "median": 46803.84,
        "std_dev": 22035.31611068953,
        "min": 1966.38,
        "max": 184470.46
      },
      "Tuesday": {
        "count": 449,
        "mean": 46687.56668151448,
        "median": 48128.2,
        "std_dev": 15175.283411099932,
        "min": 3186.03,
        "max": 89523.53
      },
      "Wednesday": {
        "count": 448,
        "mean": 48580.88303571429,
        "median": 49066.729999999996,
        "std_dev": 17148.523336299648,
        "min": 4790.98,
        "max": 109812.69
      },
      "Thursday": {
        "count": 448,
        "mean": 54739.60189732143,
        "median": 54606.990000000005,
        "std_dev": 20534.534029171886,
        "min": 4525.32,
        "max": 133167.8
      },
      "Friday": {
        "count": 448,
        "mean": 55975.74183035714,
        "median": 55143.4,
        "std_dev": 22227.6068616103,
        "min": 4072.37,
        "max": 127573.81
      },
      "Saturday": {
        "count": 446,
        "mean": 75944.48087443947,
        "median": 73834.89,
        "std_dev": 38754.401964553435,
        "min": 1101.68,
        "max": 200352.23
      }
    },
    "seasonal": {
      "2017": {
        "1": {
          "count": 31,
          "mean": 42297.71451612903,
          "median": 42893.77
        },
        "2": {
          "count": 28,
          "mean": 48504.21928571429,
          "median": 45144.445
        },
        "3": {
          "count": 31,
          "mean": 47949.493870967744,
          "median": 47087.37
        },
        "4": {
          "count": 30,
          "mean": 55539.331666666665,
          "median": 52651.42
        },
        "5": {
          "count": 31,
          "mean": 62097.813870967744,
          "median": 56313.79
        },
        "6": {
          "count": 30,
          "mean": 79026.07233333333,
          "median": 69654.235
        },
        "7": {
          "count": 31,
          "mean": 91523.49838709677,
          "median": 77448.96
        },
        "8": {
          "count": 31,
          "mean": 74688.33967741935,
          "median": 74104.81
        },
        "9": {
          "count": 30,
          "mean": 65604.66333333333,
          "median": 54953.625
        },
        "10": {
          "count": 31,
          "mean": 55364.29709677419,
          "median": 51673.69
        },
        "11": {
          "count": 30,
          "mean": 54806.457,
          "median": 50203.57
        },
        "12": {
          "count": 31,
          "mean": 59744.70225806451,
          "median": 56619.94
        }
      },
      "2018": {
        "1": {
          "count": 31,
          "mean": 40011.860322580644,
          "median": 40426.62
        },
        "2": {
          "count": 28,
          "mean": 41946.40607142857,
          "median": 42655.54
        },
        "3": {
          "count": 31,
          "mean": 51967.073548387096,
          "median": 49602.4
        },
        "4": {
          "count": 30,
          "mean": 50509.969,
          "median": 50788.08500000001
        },
        "5": {
          "count": 31,
          "mean": 61315.12806451613,
          "median": 53887.06
        },
        "6": {
          "count": 30,
          "mean": 73437.13966666667,
          "median": 67529.39499999999
        },
        "7": {
          "count": 31,
          "mean": 86685.74967741936,
          "median": 79413.91
        },
        "8": {
          "count": 31,
          "mean": 70517.66806451613,
          "median": 69008.19
        },
        "9": {
          "count": 30,
          "mean": 62313.098666666665,
          "median": 55171.854999999996
        },
        "10": {
          "count": 31,
          "mean": 54452.111935483874,
          "median": 50984.56
        },
        "11": {
          "count": 30,
          "mean": 56940.727666666666,
          "median": 50171.59
        },
        "12": {
          "count": 31,
          "mean": 65077.74548387097,
          "median": 58566.09
        }
      },
      "2019": {
        "1": {
          "count": 31,
          "mean": 39436.51483870968,
          "median": 37130.79
        },
        "2": {
          "count": 28,
          "mean": 41996.32142857143,
          "median": 40332.21
        },
        "3": {
          "count": 31,
          "mean": 50394.16612903226,
          "median": 49033.52
        },
        "4": {
          "count": 30,
          "mean": 49508.399,
          "median": 48077.630000000005
        },
        "5": {
          "count": 31,
          "mean": 60944.965161290325,
          "median": 52865.84
        },
        "6": {
          "count": 30,
          "mean": 77965.047,
          "median": 74127.85500000001
        },
        "7": {
          "count": 31,
          "mean": 84615.52612903225,
          "median": 76403.63
        },
        "8": {
          "count": 31,
          "mean": 73628.61677419355,
          "median": 70066.74
        },
        "9": {
          "count": 30,
          "mean": 60426.932,
          "median": 50441.695
        },
        "10": {
          "count": 31,
          "mean": 56593.21129032258,
          "median": 50592.93
        },
        "11": {
          "count": 30,
          "mean": 60124.776,
          "median": 50651.73
        },
        "12": {
          "count": 31,
          "mean": 70974.33129032257,
          "median": 68345.34
        }
      },
      "2020": {
        "1": {
          "count": 31,
          "mean": 46560.10161290323,
          "median": 45982.61
        },
        "2": {
          "count": 29,
          "mean": 45695.75137931034,
          "median": 43120.1
        },
        "3": {
          "count": 29,
          "mean": 29023.120689655174,
          "median": 21275.29
        },
        "4": {
          "count": 27,
          "mean": 4942.606666666667,
          "median": 5321.38
        },
        "5": {
          "count": 30,
          "mean": 7631.065666666666,
          "median": 8574.96
        },
        "6": {
          "count": 30,
          "mean": 13561.566,
          "median": 15224.885
        },
        "7": {
          "count": 31,
          "mean": 22215.703548387097,
          "median": 23743.8
        },
        "8": {
          "count": 31,
          "mean": 21634.650967741934,
          "median": 22965.43
        },
        "9": {
          "count": 30,
          "mean": 23592.502,
          "median": 24099.17
        },
        "10": {
          "count": 31,
          "mean": 22541.55580645161,
          "median": 23264.24
        },
        "11": {
          "count": 30,
          "mean": 16945.521,
          "median": 17418.045
        },
        "12": {
          "count": 31,
          "mean": 19821.46548387097,
          "median": 20265.92
        }
      },
      "2021": {
        "1": {
          "count": 31,
          "mean": 15030.832580645161,
          "median": 16893.59
        },
        "2": {
          "count": 28,
          "mean": 16885.775714285715,
          "median": 17524.485
        },
        "3": {
          "count": 31,
          "mean": 24088.462580645162,
          "median": 22561.61
        },
        "4": {
          "count": 30,
          "mean": 25989.944,
          "median": 25549.58
        },